"pathogen","abx_class","n_cases","start_year","end_year","datapoints","countries","lmics","ssas","d_00_10","n_cases_pre2000","n_studies_pre2000","n_cases_post2019","n_studies_post2019","n_years","studies","regions","prop_regions","prop_years","prop_lmic","prop_ssa","prop_data_2000_2010","attributable_burden"
"staphylococcus_aureus","methicillin","4,662,509",1998,2022,1544,189,2,29,1609896.7155,665,1,1435,3,25,270,21,1,0.78125,0.0105820105820106,0.153439153439153,0.345285468952968,"121,074"
"escherichia_coli","third_gen_ceph","7,663,344",1998,2022,3179,202,2,34,1067939,871,1,39149,3,25,409,20,0.952380952380952,0.78125,0.0099009900990099,0.168316831683168,0.139356787324176,"59,863"
"acinetobacter_baumanii","carbapenem","288,289",2004,2018,735,90,2,8,10161,0,0,0,0,15,17,19,0.904761904761905,0.46875,0.0222222222222222,0.0888888888888889,0.0352458817367295,"57,728"
"escherichia_coli","fluoroquinolone","9,162,392",1998,2022,3195,201,2,32,2065525,437,1,21840,4,25,464,21,1,0.78125,0.00995024875621891,0.159203980099502,0.22543512654774,"55,978"
"klebsiella_pneumoniae","carbapenem","1,636,754",1998,2022,2424,153,2,20,227455,99,1,38038,3,25,137,19,0.904761904761905,0.78125,0.0130718954248366,0.130718954248366,0.138967126397736,"55,666"
"klebsiella_pneumoniae","third_gen_ceph","2,631,551",1998,2022,2655,162,2,24,338331,216,1,26434,3,25,224,19,0.904761904761905,0.78125,0.0123456790123457,0.148148148148148,0.128567145383084,"50,141"
"streptococcus_pneumoniae","carbapenem","50,010",1999,2022,564,66,2,2,5829,1,1,86,2,20,10,16,0.761904761904762,0.625,0.0303030303030303,0.0303030303030303,0.116556688662268,"41,923"
"acinetobacter_baumanii","fluoroquinolone","90,411",2004,2018,657,80,2,7,5113,0,0,0,0,15,16,19,0.904761904761905,0.46875,0.025,0.0875,0.0565528530820365,"40,018"
"streptococcus_pneumoniae","sulfa","61,136",1998,2022,325,80,2,9,4735,50,1,87,2,24,22,19,0.904761904761905,0.75,0.025,0.1125,0.0774502747971735,"38,722"
"pseudomonas_aeruginosa","carbapenem","1,012,619",1998,2022,2459,147,2,9,95809,90,1,23607,3,25,27,19,0.904761904761905,0.78125,0.0136054421768707,0.0612244897959184,0.094615052650602,"38,141"
"enterococcus_faecium","fluoroquinolone","94,671",2004,2019,414,53,2,2,7448,0,0,0,0,16,12,16,0.761904761904762,0.5,0.0377358490566038,0.0377358490566038,0.078672455134096,"37,157"
"escherichia_coli","sulfa","2,559,738",1998,2022,527,107,2,18,66073,400,1,3600,2,25,24,20,0.952380952380952,0.78125,0.0186915887850467,0.168224299065421,0.0258124073635661,"30,154"
"escherichia_coli","carbapenem","6,809,888",1998,2022,2804,174,2,17,406408,394,1,50774,3,25,28,19,0.904761904761905,0.78125,0.0114942528735632,0.0977011494252874,0.0596791019176821,"29,500"
"klebsiella_pneumoniae","fluoroquinolone","1,877,862",1998,2022,2432,148,2,17,111800,108,1,13603,4,25,28,21,1,0.78125,0.0135135135135135,0.114864864864865,0.0595357912349257,"29,023"
"enterococcus_faecalis","fluoroquinolone","115,888",2004,2019,533,67,2,7,12652,0,0,0,0,16,12,17,0.80952380952381,0.5,0.0298507462686567,0.104477611940299,0.109174375258871,"26,799"
"klebsiella_pneumoniae","aminoglycoside","1,883,800",1998,2022,2529,138,2,15,160109,208,1,13060,3,25,28,20,0.952380952380952,0.78125,0.0144927536231884,0.108695652173913,0.0849925682131861,"26,343"
"klebsiella_pneumoniae","sulfa","832,681",1998,2022,440,97,2,15,11979,98,1,769,2,25,23,17,0.80952380952381,0.78125,0.0206185567010309,0.154639175257732,0.0143860614088709,"23,485"
"escherichia_coli","beta_lactamase_inhibitor","2,795,025",1998,2022,1863,138,2,18,134531,437,1,1836,2,25,27,20,0.952380952380952,0.78125,0.0144927536231884,0.130434782608696,0.0481323065088863,"21,348"
"staphylococcus_aureus","macrolide","1,789,172",1998,2022,807,94,2,15,18698,666,1,1428,3,25,27,21,1,0.78125,0.0212765957446809,0.159574468085106,0.010450644208606,"19,610"
"staphylococcus_aureus","sulfa","1,157,613",1998,2022,727,93,2,16,19447,595,1,1366,3,25,27,21,1,0.78125,0.021505376344086,0.172043010752688,0.0167992239202566,"18,671"
"pseudomonas_aeruginosa","fluoroquinolone","935,256",1998,2022,2415,150,2,10,80190,93,1,12509,3,25,27,19,0.904761904761905,0.78125,0.0133333333333333,0.0666666666666667,0.0857412302086274,"18,314"
"salmonella_typhi","fluoroquinolone","61,493",1990,2022,638,57,2,13,28089,8459,50,3,1,32,308,13,0.619047619047619,1,0.0350877192982456,0.228070175438596,0.456783698957605,"17,189"
"staphylococcus_aureus","fluoroquinolone","2,055,408",1998,2022,1429,106,2,10,214858,660,1,4073,3,25,27,21,1,0.78125,0.0188679245283019,0.0943396226415094,0.104533017289025,"15,907"
"enterobacter_spp","carbapenem","225,438",2004,2018,881,78,2,5,11612,0,0,0,0,15,18,19,0.904761904761905,0.46875,0.0256410256410256,0.0641025641025641,0.0515086187776684,"15,337"
"enterococcus_faecium","vancomycin","239,981",2000,2020,937,63,2,3,37151,0,0,1,1,21,15,15,0.714285714285714,0.65625,0.0317460317460317,0.0476190476190476,0.15480808897371,"14,311"
"group_b_strep","macrolide","19,069",2007,2018,83,35,2,3,73,0,0,0,0,11,12,15,0.714285714285714,0.34375,0.0571428571428571,0.0857142857142857,0.00382820284230951,"13,530"
"acinetobacter_baumanii","anti_pseudomonal_penicillin","23,933",2004,2018,478,69,2,3,5069,0,0,0,0,15,12,18,0.857142857142857,0.46875,0.0289855072463768,0.0434782608695652,0.21179960723687,"13,307"
"streptococcus_pneumoniae","macrolide","320,937",1998,2022,1198,97,2,8,103026,150,1,99,2,25,24,19,0.904761904761905,0.78125,0.0206185567010309,0.0824742268041237,0.321016274222044,"12,518"
"streptococcus_pneumoniae","penicillin","681,038",1998,2022,1538,115,2,18,274219,150,1,93,2,25,203,20,0.952380952380952,0.78125,0.0173913043478261,0.156521739130435,0.402648604042653,"12,351"
"enterococcus_spp","fluoroquinolone","780",2004,2018,59,19,2,1,168,0,0,0,0,15,6,10,0.476190476190476,0.46875,0.105263157894737,0.0526315789473684,0.215384615384615,"12,236"
"escherichia_coli","aminoglycoside","6,608,960",1998,2022,2765,144,2,18,864601,830,1,21060,3,25,28,20,0.952380952380952,0.78125,0.0138888888888889,0.125,0.130822549992737,"11,717"
"group_b_strep","fluoroquinolone","25,533",2004,2018,292,56,2,2,2709,0,0,0,0,15,8,15,0.714285714285714,0.46875,0.0357142857142857,0.0357142857142857,0.106097990835389,"11,505"
"streptococcus_pneumoniae","fluoroquinolone","268,560",1998,2022,1043,86,2,7,78462,53,1,88,2,25,19,19,0.904761904761905,0.78125,0.0232558139534884,0.0813953488372093,0.2921581769437,"11,173"
"escherichia_coli","aminopenicillin","4,675,487",1998,2022,1459,117,2,18,428829,447,1,5375,2,25,25,20,0.952380952380952,0.78125,0.0170940170940171,0.153846153846154,0.0917185739154018,"10,490"
"acinetobacter_baumanii","aminoglycoside","357,798",2004,2018,737,88,2,9,5188,0,0,0,0,15,17,19,0.904761904761905,0.46875,0.0227272727272727,0.102272727272727,0.014499801564011,"10,423"
"pseudomonas_aeruginosa","third_gen_ceph","692,515",1998,2022,2463,151,2,11,73383,180,1,22649,3,25,29,19,0.904761904761905,0.78125,0.0132450331125828,0.0728476821192053,0.105965935755904,"10,415"
"pseudomonas_aeruginosa","anti_pseudomonal_penicillin","724,550",1998,2022,2419,141,2,6,90810,94,1,11918,3,25,24,19,0.904761904761905,0.78125,0.0141843971631206,0.0425531914893617,0.1253329652888,"10,308"
"enterobacter_spp","anti_pseudomonal_penicillin","171,151",2004,2018,841,73,2,4,10815,0,0,0,0,15,13,19,0.904761904761905,0.46875,0.0273972602739726,0.0547945205479452,0.0631898148418648,"9,946"
"klebsiella_pneumoniae","beta_lactamase_inhibitor","835,226",1998,2022,1730,133,2,14,34871,109,1,392,2,25,27,20,0.952380952380952,0.78125,0.0150375939849624,0.105263157894737,0.0417503765447915,"7,933"
"enterobacter_spp","fluoroquinolone","251,175",2000,2018,771,77,2,6,10479,0,0,0,0,19,16,19,0.904761904761905,0.59375,0.025974025974026,0.0779220779220779,0.0417199163929531,"7,804"
"acinetobacter_baumanii","third_gen_ceph","57,522",2000,2018,562,76,2,8,10291,0,0,0,0,19,19,19,0.904761904761905,0.59375,0.0263157894736842,0.105263157894737,0.178905462257919,"6,859"
"shigella_spp","fluoroquinolone","159,885",1990,2019,781,89,2,22,86377,31484,87,0,0,30,327,21,1,0.9375,0.0224719101123595,0.247191011235955,0.540244550770867,"5,992"
"enterobacter_spp","fourth_gen_ceph","153,100",2004,2018,681,69,2,5,10506,0,0,0,0,15,12,19,0.904761904761905,0.46875,0.0289855072463768,0.072463768115942,0.0686218158066623,"5,317"
"proteus_spp","third_gen_ceph","268,417",2004,2018,412,67,2,5,325,0,0,0,0,13,14,19,0.904761904761905,0.40625,0.0298507462686567,0.0746268656716418,0.00121080259447054,"4,732"
"enterobacter_spp","sulfa","150,298",2000,2018,127,39,2,4,335,0,0,0,0,19,13,15,0.714285714285714,0.59375,0.0512820512820513,0.102564102564103,0.00222890524158671,"4,649"
"pseudomonas_aeruginosa","fourth_gen_ceph","555,876",2002,2021,2015,124,2,8,25432,0,0,11319,2,20,22,19,0.904761904761905,0.625,0.0161290322580645,0.0645161290322581,0.0457512107016673,"4,374"
"haemophilus_influenzae","aminopenicillin","18,411",2000,2019,457,73,2,3,5131,0,0,0,0,20,17,18,0.857142857142857,0.625,0.0273972602739726,0.0410958904109589,0.278692086252784,"4,289"
"salmonella_paratyphi","fluoroquinolone","14,549",1998,2022,197,18,2,2,8349,1402,4,2,1,23,79,8,0.380952380952381,0.71875,0.111111111111111,0.111111111111111,0.573853873118427,"4,044"
"group_a_strep","macrolide","15,173",2007,2018,176,48,2,2,5850,0,0,0,0,10,10,17,0.80952380952381,0.3125,0.0416666666666667,0.0416666666666667,0.385553285441244,"3,633"
"enterococcus_faecalis","vancomycin","295,989",2000,2020,1069,80,2,7,75989,0,0,4,1,21,16,17,0.80952380952381,0.65625,0.025,0.0875,0.256729135204349,"3,421"
"streptococcus_pneumoniae","third_gen_ceph","340,649",1998,2022,1241,95,2,6,74867,2,1,99,2,24,22,18,0.857142857142857,0.75,0.0210526315789474,0.0631578947368421,0.21977754227959,"3,327"
"acinetobacter_baumanii","fourth_gen_ceph","35,866",2004,2018,486,71,2,6,8590,0,0,0,0,15,12,19,0.904761904761905,0.46875,0.028169014084507,0.0845070422535211,0.239502592985,"3,278"
"staphylococcus_aureus","vancomycin","1,379,571",1998,2022,1229,107,2,11,33326,654,1,1371,3,25,24,20,0.952380952380952,0.78125,0.0186915887850467,0.102803738317757,0.02415678497156,"3,121"
"enterobacter_spp","aminoglycoside","324,519",2000,2018,893,79,2,6,10490,0,0,0,0,19,17,19,0.904761904761905,0.59375,0.0253164556962025,0.0759493670886076,0.0323247637272394,"3,072"
"pseudomonas_aeruginosa","aminoglycoside","1,494,561",1998,2022,2472,151,2,11,133106,183,1,17617,3,25,27,19,0.904761904761905,0.78125,0.0132450331125828,0.0728476821192053,0.089060265857332,"3,005"
"proteus_spp","fluoroquinolone","295,926",2000,2018,333,64,2,4,20,0,0,0,0,11,11,19,0.904761904761905,0.34375,0.03125,0.0625,6.75844636834884e-05,"2,972"
"serratia_spp","fourth_gen_ceph","53,007",2004,2018,478,61,2,3,3928,0,0,0,0,15,10,16,0.761904761904762,0.46875,0.0327868852459016,0.0491803278688525,0.0741034203029789,"2,613"
"citrobacter_spp","fluoroquinolone","64,373",2000,2018,313,57,2,4,529,0,0,0,0,18,11,17,0.80952380952381,0.5625,0.0350877192982456,0.0701754385964912,0.00821773103630404,"2,512"
"serratia_spp","anti_pseudomonal_penicillin","47,693",2004,2018,472,60,2,2,4068,0,0,0,0,15,10,15,0.714285714285714,0.46875,0.0333333333333333,0.0333333333333333,0.0852955360325415,"2,483"
"haemophilus_influenzae","third_gen_ceph","22,030",2000,2019,484,75,2,3,5139,0,0,0,0,20,19,18,0.857142857142857,0.625,0.0266666666666667,0.04,0.233272809804812,"2,474"
"serratia_spp","carbapenem","74,670",2004,2018,495,64,2,4,4168,0,0,0,0,15,12,17,0.80952380952381,0.46875,0.03125,0.0625,0.0558189366546136,"2,445"
"citrobacter_spp","carbapenem","56,615",2007,2018,345,58,2,3,452,0,0,0,0,12,11,18,0.857142857142857,0.375,0.0344827586206897,0.0517241379310345,0.00798374988960523,"2,297"
"enterococcus_spp","vancomycin","3,453",2004,2018,69,21,2,2,1588,0,0,0,0,15,6,12,0.571428571428571,0.46875,0.0952380952380952,0.0952380952380952,0.459889950767449,"2,225"
"citrobacter_spp","anti_pseudomonal_penicillin","40,206",2007,2018,317,53,2,1,159,0,0,0,0,12,7,15,0.714285714285714,0.375,0.0377358490566038,0.0188679245283019,0.00395463363677063,"2,174"
"streptococcus_pneumoniae","beta_lactamase_inhibitor","22,982",1998,2021,542,70,2,4,5855,3,1,1,1,23,12,18,0.857142857142857,0.71875,0.0285714285714286,0.0571428571428571,0.254764598381342,"2,042"
"citrobacter_spp","third_gen_ceph","66,230",2003,2018,350,59,2,4,440,0,0,0,0,15,12,17,0.80952380952381,0.46875,0.0338983050847458,0.0677966101694915,0.00664351502340329,"1,836"
"proteus_spp","sulfa","171,421",2000,2018,53,25,2,3,32,0,0,0,0,11,9,11,0.523809523809524,0.34375,0.08,0.12,0.000186674911475257,"1,617"
"citrobacter_spp","fourth_gen_ceph","37,841",2007,2018,329,55,2,3,316,0,0,0,0,12,9,17,0.80952380952381,0.375,0.0363636363636364,0.0545454545454545,0.00835073068893528,"1,338"
"proteus_spp","aminopenicillin","183,234",2000,2018,179,44,2,4,32,0,0,0,0,11,9,16,0.761904761904762,0.34375,0.0454545454545455,0.0909090909090909,0.000174640077714835,"1,329"
"serratia_spp","third_gen_ceph","89,116",2003,2018,498,66,2,5,4163,0,0,0,0,16,15,16,0.761904761904762,0.5,0.0303030303030303,0.0757575757575758,0.0467143947214866,"1,099"
"serratia_spp","fluoroquinolone","83,415",2000,2018,432,64,2,5,3736,0,0,0,0,19,11,16,0.761904761904762,0.59375,0.03125,0.078125,0.0447881076544986,"1,082"
"serratia_spp","aminoglycoside","110,545",2000,2018,496,65,2,5,3760,0,0,0,0,19,13,16,0.761904761904762,0.59375,0.0307692307692308,0.0769230769230769,0.0340132977520467,"953"
"proteus_spp","aminoglycoside","397,611",2000,2018,408,65,2,4,32,0,0,0,0,11,12,19,0.904761904761905,0.34375,0.0307692307692308,0.0615384615384615,8.04806708063912e-05,"887"
"acinetobacter_baumanii","beta_lactamase_inhibitor","21,081",2000,2018,138,39,2,6,115,0,0,0,0,17,13,17,0.80952380952381,0.53125,0.0512820512820513,0.153846153846154,0.00545514918647123,"811"
"group_b_strep","penicillin","26,663",2000,2018,309,57,2,3,3032,0,0,0,0,19,11,16,0.761904761904762,0.59375,0.0350877192982456,0.0526315789473684,0.113715635899936,"799"
"morganella_spp","fluoroquinolone","941",2012,2017,108,36,2,1,0,0,0,0,0,6,2,15,0.714285714285714,0.1875,0.0555555555555556,0.0277777777777778,0,"427"
"citrobacter_spp","aminoglycoside","82,663",2000,2018,366,64,2,4,311,0,0,0,0,18,11,18,0.857142857142857,0.5625,0.03125,0.0625,0.00376226364879087,"411"
"morganella_spp","third_gen_ceph","941",2012,2017,108,36,2,1,0,0,0,0,0,6,2,15,0.714285714285714,0.1875,0.0555555555555556,0.0277777777777778,0,"168"
"morganella_spp","fourth_gen_ceph","941",2012,2017,108,36,2,1,0,0,0,0,0,6,2,15,0.714285714285714,0.1875,0.0555555555555556,0.0277777777777778,0,"154"
"acinetobacter_baumanii","sulfa","19,291",2000,2018,140,35,2,2,215,0,0,0,0,19,12,16,0.761904761904762,0.59375,0.0571428571428571,0.0571428571428571,0.0111450935669483,NA
"campylobacter","aminoglycoside","110",2014,2016,5,5,2,0,0,0,0,0,0,2,2,2,0.0952380952380952,0.0625,0.4,0,0,NA
"campylobacter","aminopenicillin","108",2014,2016,5,5,2,0,0,0,0,0,0,2,2,2,0.0952380952380952,0.0625,0.4,0,0,NA
"campylobacter","anti_pseudomonal_penicillin","2",2016,2016,1,1,1,0,0,0,0,0,0,1,1,1,0.0476190476190476,0.03125,1,0,0,NA
"campylobacter","beta_lactamase_inhibitor","2",2016,2016,1,1,1,0,0,0,0,0,0,1,1,1,0.0476190476190476,0.03125,1,0,0,NA
"campylobacter","carbapenem","3",2016,2016,1,1,1,0,0,0,0,0,0,1,1,1,0.0476190476190476,0.03125,1,0,0,NA
"campylobacter","first_gen_ceph","1",2016,2016,1,1,1,0,0,0,0,0,0,1,1,1,0.0476190476190476,0.03125,1,0,0,NA
"campylobacter","fluoroquinolone","722",2007,2019,27,10,2,0,21,0,0,0,0,11,2,3,0.142857142857143,0.34375,0.2,0,0.0290858725761773,NA
"campylobacter","fourth_gen_ceph","1",2016,2016,1,1,1,0,0,0,0,0,0,1,1,1,0.0476190476190476,0.03125,1,0,0,NA
"campylobacter","macrolide","720",2007,2019,26,9,2,0,21,0,0,0,0,11,2,2,0.0952380952380952,0.34375,0.222222222222222,0,0.0291666666666667,NA
"campylobacter","methicillin","1",2016,2016,1,1,1,0,0,0,0,0,0,1,1,1,0.0476190476190476,0.03125,1,0,0,NA
"campylobacter","monobactam","1",2016,2016,1,1,1,0,0,0,0,0,0,1,1,1,0.0476190476190476,0.03125,1,0,0,NA
"campylobacter","second_gen_ceph","1",2016,2016,1,1,1,0,0,0,0,0,0,1,1,1,0.0476190476190476,0.03125,1,0,0,NA
"campylobacter","sulfa","1",2016,2016,1,1,1,0,0,0,0,0,0,1,1,1,0.0476190476190476,0.03125,1,0,0,NA
"campylobacter","tetracycline","384",2014,2019,14,10,2,0,0,0,0,0,0,3,2,3,0.142857142857143,0.09375,0.2,0,0,NA
"campylobacter","third_gen_ceph","3",2016,2016,1,1,1,0,0,0,0,0,0,1,1,1,0.0476190476190476,0.03125,1,0,0,NA
"enterococcus_faecalis","aminoglycoside","160,946",2000,2019,519,51,2,6,56294,0,0,0,0,20,10,14,0.666666666666667,0.625,0.0392156862745098,0.117647058823529,0.349769487902775,NA
"enterococcus_faecalis","aminopenicillin","34,206",2004,2020,58,24,2,3,2901,0,0,5,1,17,6,13,0.619047619047619,0.53125,0.0833333333333333,0.125,0.08480968251184,NA
"enterococcus_faecalis","anti_pseudomonal_penicillin","17",2012,2016,6,5,1,0,0,0,0,0,0,3,2,4,0.19047619047619,0.09375,0.2,0,0,NA
"enterococcus_faecalis","anti_tb","2",2019,2019,1,1,1,0,0,0,0,0,0,1,1,1,0.0476190476190476,0.03125,1,0,0,NA
"enterococcus_faecalis","beta_lactamase_inhibitor","82",2008,2016,10,8,2,0,62,0,0,0,0,5,3,5,0.238095238095238,0.15625,0.25,0,0.75609756097561,NA
"enterococcus_faecalis","carbapenem","35",2015,2020,10,8,2,0,0,0,0,2,1,4,2,5,0.238095238095238,0.125,0.25,0,0,NA
"enterococcus_faecalis","chloramphenicol","66",2008,2019,5,3,2,0,62,0,0,0,0,5,2,2,0.0952380952380952,0.15625,0.666666666666667,0,0.939393939393939,NA
"enterococcus_faecalis","daptomycin","7,448",2016,2020,16,10,2,0,0,0,0,2,1,5,3,6,0.285714285714286,0.15625,0.2,0,0,NA
"enterococcus_faecalis","first_gen_ceph","1",2016,2016,1,1,1,0,0,0,0,0,0,1,1,1,0.0476190476190476,0.03125,1,0,0,NA
"enterococcus_faecalis","fosfomycin","2,755",2011,2019,17,3,2,0,0,0,0,0,0,9,3,2,0.0952380952380952,0.28125,0.666666666666667,0,0,NA
"enterococcus_faecalis","fourth_gen_ceph","1",2016,2016,1,1,1,0,0,0,0,0,0,1,1,1,0.0476190476190476,0.03125,1,0,0,NA
"enterococcus_faecalis","fusidic_acid","1",2016,2016,1,1,1,0,0,0,0,0,0,1,1,1,0.0476190476190476,0.03125,1,0,0,NA
"enterococcus_faecalis","lincosamide","25",2015,2016,8,8,2,0,0,0,0,0,0,2,1,6,0.285714285714286,0.0625,0.25,0,0,NA
"enterococcus_faecalis","linezolid","32,917",2006,2020,49,22,2,1,2005,0,0,4,1,15,5,11,0.523809523809524,0.46875,0.0909090909090909,0.0454545454545455,0.0609107755870827,NA
"enterococcus_faecalis","macrolide","29,584",2008,2019,36,14,2,0,1094,0,0,0,0,12,4,8,0.380952380952381,0.375,0.142857142857143,0,0.0369794483504597,NA
"enterococcus_faecalis","methicillin","40",2009,2018,14,4,2,0,3,0,0,0,0,9,3,3,0.142857142857143,0.28125,0.5,0,0.075,NA
"enterococcus_faecalis","nitrofurantoin","31,233",2004,2019,31,6,2,0,2918,0,0,0,0,16,3,5,0.238095238095238,0.5,0.333333333333333,0,0.0934268241923606,NA
"enterococcus_faecalis","non_antibiotic","2",2016,2016,1,1,1,0,0,0,0,0,0,1,1,1,0.0476190476190476,0.03125,1,0,0,NA
"enterococcus_faecalis","penicillin","23,946",2004,2019,43,15,2,1,2586,0,0,0,0,16,4,11,0.523809523809524,0.5,0.133333333333333,0.0666666666666667,0.107992984214483,NA
"enterococcus_faecalis","rifamycin","82",2008,2018,15,4,2,0,7,0,0,0,0,11,2,4,0.19047619047619,0.34375,0.5,0,0.0853658536585366,NA
"enterococcus_faecalis","second_gen_ceph","8",2015,2016,4,4,2,0,0,0,0,0,0,2,1,3,0.142857142857143,0.0625,0.5,0,0,NA
"enterococcus_faecalis","sulfa","15",2015,2016,6,6,2,0,0,0,0,0,0,2,1,5,0.238095238095238,0.0625,0.333333333333333,0,0,NA
"enterococcus_faecalis","synercid","9",2016,2016,3,3,2,0,0,0,0,0,0,1,1,2,0.0952380952380952,0.03125,0.666666666666667,0,0,NA
"enterococcus_faecalis","teicoplanin","23,039",2004,2020,46,18,2,1,2613,0,0,4,1,17,4,10,0.476190476190476,0.53125,0.111111111111111,0.0555555555555556,0.113416380919311,NA
"enterococcus_faecalis","tetracycline","33,033",2004,2019,40,14,2,0,3235,0,0,0,0,16,4,9,0.428571428571429,0.5,0.142857142857143,0,0.0979323706596434,NA
"enterococcus_faecalis","third_gen_ceph","2",2016,2016,1,1,1,0,0,0,0,0,0,1,1,1,0.0476190476190476,0.03125,1,0,0,NA
"enterococcus_faecium","aminoglycoside","8,876",2004,2019,47,13,2,0,3815,0,0,0,0,16,4,8,0.380952380952381,0.5,0.153846153846154,0,0.42981072555205,NA
"enterococcus_faecium","aminopenicillin","8,366",2004,2020,61,22,2,2,1937,0,0,1,1,17,6,12,0.571428571428571,0.53125,0.0909090909090909,0.0909090909090909,0.231532393019364,NA
"enterococcus_faecium","anti_pseudomonal_penicillin","2",2012,2016,2,2,1,0,0,0,0,0,0,2,2,2,0.0952380952380952,0.0625,0.5,0,0,NA
"enterococcus_faecium","anti_tb","8",2019,2019,1,1,1,0,0,0,0,0,0,1,1,1,0.0476190476190476,0.03125,1,0,0,NA
"enterococcus_faecium","beta_lactamase_inhibitor","126",2007,2016,13,6,2,0,115,0,0,0,0,10,3,3,0.142857142857143,0.3125,0.333333333333333,0,0.912698412698413,NA
"enterococcus_faecium","carbapenem","8",2016,2019,6,6,2,0,0,0,0,0,0,2,2,3,0.142857142857143,0.0625,0.333333333333333,0,0,NA
"enterococcus_faecium","chloramphenicol","115",2007,2019,12,4,2,0,99,0,0,0,0,11,3,2,0.0952380952380952,0.34375,0.5,0,0.860869565217391,NA
"enterococcus_faecium","daptomycin","997",2016,2019,10,5,2,1,0,0,0,0,0,4,3,5,0.238095238095238,0.125,0.4,0.2,0,NA
"enterococcus_faecium","fosfomycin","262",2011,2018,12,3,2,0,0,0,0,0,0,8,3,2,0.0952380952380952,0.25,0.666666666666667,0,0,NA
"enterococcus_faecium","fusidic_acid","1",2016,2016,1,1,1,0,0,0,0,0,0,1,1,1,0.0476190476190476,0.03125,1,0,0,NA
"enterococcus_faecium","lincosamide","3",2015,2016,2,2,1,0,0,0,0,0,0,2,1,2,0.0952380952380952,0.0625,0.5,0,0,NA
"enterococcus_faecium","linezolid","7,454",2006,2020,49,19,2,2,1300,0,0,1,1,15,5,10,0.476190476190476,0.46875,0.105263157894737,0.105263157894737,0.174403005097934,NA
"enterococcus_faecium","macrolide","6,408",2007,2019,40,10,2,0,756,0,0,0,0,13,4,7,0.333333333333333,0.40625,0.2,0,0.117977528089888,NA
"enterococcus_faecium","methicillin","18",2005,2018,10,4,2,0,2,0,0,0,0,7,3,3,0.142857142857143,0.21875,0.5,0,0.111111111111111,NA
"enterococcus_faecium","nitrofurantoin","7,440",2004,2019,32,5,2,0,1895,0,0,0,0,16,4,4,0.19047619047619,0.5,0.4,0,0.254704301075269,NA
"enterococcus_faecium","non_antibiotic","3",2016,2016,1,1,1,0,0,0,0,0,0,1,1,1,0.0476190476190476,0.03125,1,0,0,NA
"enterococcus_faecium","penicillin","6,203",2004,2020,39,11,2,1,1647,0,0,1,1,17,5,9,0.428571428571429,0.53125,0.181818181818182,0.0909090909090909,0.26551668547477,NA
"enterococcus_faecium","rifamycin","38",2008,2018,14,5,2,0,8,0,0,0,0,10,3,5,0.238095238095238,0.3125,0.4,0,0.210526315789474,NA
"enterococcus_faecium","second_gen_ceph","1",2016,2016,1,1,1,0,0,0,0,0,0,1,1,1,0.0476190476190476,0.03125,1,0,0,NA
"enterococcus_faecium","sulfa","3",2015,2016,2,2,1,0,0,0,0,0,0,2,1,2,0.0952380952380952,0.0625,0.5,0,0,NA
"enterococcus_faecium","synercid","3,313",2005,2018,17,3,2,0,1310,0,0,0,0,14,2,3,0.142857142857143,0.4375,0.666666666666667,0,0.395412013281014,NA
"enterococcus_faecium","teicoplanin","6,281",2004,2020,46,17,2,2,1733,0,0,1,1,17,5,10,0.476190476190476,0.53125,0.117647058823529,0.117647058823529,0.275911479063843,NA
"enterococcus_faecium","tetracycline","7,705",2004,2019,45,11,2,0,2187,0,0,0,0,16,4,8,0.380952380952381,0.5,0.181818181818182,0,0.283841661258923,NA
"escherichia_coli","anti_pseudomonal_penicillin","2,257,665",1998,2022,2296,132,2,10,84344,443,1,18686,3,25,20,19,0.904761904761905,0.78125,0.0151515151515152,0.0757575757575758,0.0373589527232783,NA
"escherichia_coli","ceph_beta_lactamase","14",2016,2021,4,2,1,0,0,0,0,4,1,4,2,1,0.0476190476190476,0.125,0.5,0,0,NA
"escherichia_coli","chloramphenicol","820",1998,2022,39,13,2,3,303,396,1,2,2,18,5,6,0.285714285714286,0.5625,0.153846153846154,0.230769230769231,0.369512195121951,NA
"escherichia_coli","daptomycin","3",2013,2019,3,2,1,0,0,0,0,0,0,3,2,2,0.0952380952380952,0.09375,0.5,0,0,NA
"escherichia_coli","first_gen_ceph","206,626",1998,2022,110,14,2,0,19967,47,1,1032,2,25,6,9,0.428571428571429,0.78125,0.142857142857143,0,0.096633531114187,NA
"escherichia_coli","fosfomycin","408,566",2008,2022,104,16,2,0,7836,0,0,1782,1,15,6,6,0.285714285714286,0.46875,0.125,0,0.0191792758085597,NA
"escherichia_coli","fourth_gen_ceph","2,872,576",2002,2021,2209,145,2,17,50724,0,0,17642,2,20,23,20,0.952380952380952,0.625,0.0137931034482759,0.117241379310345,0.0176580184475537,NA
"escherichia_coli","fusidic_acid","71",2003,2020,8,3,2,0,1,0,0,40,1,7,3,3,0.142857142857143,0.21875,0.666666666666667,0,0.0140845070422535,NA
"escherichia_coli","lincosamide","45",2013,2020,5,3,2,0,0,0,0,42,2,4,3,3,0.142857142857143,0.125,0.666666666666667,0,0,NA
"escherichia_coli","linezolid","44",2008,2019,12,5,2,0,2,0,0,0,0,9,4,3,0.142857142857143,0.28125,0.4,0,0.0454545454545455,NA
"escherichia_coli","macrolide","246",1998,2020,16,5,2,0,149,47,1,44,1,10,5,4,0.19047619047619,0.3125,0.4,0,0.605691056910569,NA
"escherichia_coli","mdr","16,637",2019,2019,51,51,2,0,0,0,0,0,0,1,1,2,0.0952380952380952,0.03125,0.0392156862745098,0,0,NA
"escherichia_coli","methicillin","432,669",2002,2021,1173,93,2,4,20664,0,0,17199,1,20,6,18,0.857142857142857,0.625,0.021505376344086,0.043010752688172,0.0477593726382061,NA
"escherichia_coli","metronidazole","42",1998,2003,8,1,1,0,24,18,1,0,0,6,1,1,0.0476190476190476,0.1875,1,0,0.571428571428571,NA
"escherichia_coli","monobactam","370,005",1998,2022,625,93,2,2,42246,1,1,19521,2,17,8,18,0.857142857142857,0.53125,0.021505376344086,0.021505376344086,0.11417683544817,NA
"escherichia_coli","mupirocin","1",2003,2003,1,1,1,0,1,0,0,0,0,1,1,1,0.0476190476190476,0.03125,1,0,1,NA
"escherichia_coli","nalidixic_acid","94,294",1998,2019,66,10,2,0,22803,1,1,0,0,14,4,2,0.0952380952380952,0.4375,0.2,0,0.241828748382718,NA
"escherichia_coli","neomycin","19",2007,2015,11,4,2,0,10,0,0,0,0,7,1,1,0.0476190476190476,0.21875,0.5,0,0.526315789473684,NA
"escherichia_coli","nitrofurantoin","572,680",1998,2022,108,14,2,0,48789,1,1,3,1,19,6,4,0.19047619047619,0.59375,0.142857142857143,0,0.0851941747572816,NA
"escherichia_coli","non_antibiotic","84,244",2007,2022,65,8,2,0,31539,0,0,108,1,12,2,2,0.0952380952380952,0.375,0.25,0,0.374376810217938,NA
"escherichia_coli","penicillin","319",1998,2020,25,5,2,0,154,47,1,46,1,17,6,5,0.238095238095238,0.53125,0.4,0,0.482758620689655,NA
"escherichia_coli","polymixin","64,974",1998,2022,597,95,2,3,347,1,1,15438,3,20,8,18,0.857142857142857,0.625,0.0210526315789474,0.0315789473684211,0.00534059777757257,NA
"escherichia_coli","rifamycin","40",2000,2020,10,4,2,0,9,0,0,24,1,9,3,3,0.142857142857143,0.28125,0.5,0,0.225,NA
"escherichia_coli","second_gen_ceph","719,454",1998,2020,153,31,2,4,62833,446,1,30,2,23,8,13,0.619047619047619,0.71875,0.0645161290322581,0.129032258064516,0.0873342840542967,NA
"escherichia_coli","streptogramins","1",2019,2019,1,1,1,0,0,0,0,0,0,1,1,1,0.0476190476190476,0.03125,1,0,0,NA
"escherichia_coli","teicoplanin","39",2007,2019,7,4,1,0,1,0,0,0,0,6,4,3,0.142857142857143,0.1875,0.25,0,0.0256410256410256,NA
"escherichia_coli","tetracycline","106,282",2003,2022,89,29,2,2,4958,0,0,47,3,17,8,12,0.571428571428571,0.53125,0.0689655172413793,0.0689655172413793,0.0466494796861181,NA
"escherichia_coli","third_gen_ceph_beta_lactamase_inhibitor","25,924",2013,2020,31,15,2,1,0,0,0,1,1,8,4,5,0.238095238095238,0.25,0.133333333333333,0.0666666666666667,0,NA
"escherichia_coli","vancomycin","42",2003,2019,13,4,1,0,4,0,0,0,0,8,3,2,0.0952380952380952,0.25,0.25,0,0.0952380952380952,NA
"haemophilus_influenzae","aminoglycoside","5",2016,2016,1,1,1,0,0,0,0,0,0,1,1,1,0.0476190476190476,0.03125,1,0,0,NA
"haemophilus_influenzae","anti_pseudomonal_penicillin","10",2006,2019,5,3,2,0,2,0,0,0,0,4,3,3,0.142857142857143,0.125,0.666666666666667,0,0.2,NA
"haemophilus_influenzae","beta_lactamase_inhibitor","1,768",2006,2019,36,26,2,1,3,0,0,0,0,6,6,12,0.571428571428571,0.1875,0.0769230769230769,0.0384615384615385,0.00169683257918552,NA
"haemophilus_influenzae","carbapenem","137",2006,2019,12,4,2,0,4,0,0,0,0,5,3,4,0.19047619047619,0.15625,0.5,0,0.0291970802919708,NA
"haemophilus_influenzae","chloramphenicol","3,389",2007,2019,63,13,2,1,1202,0,0,0,0,11,2,6,0.285714285714286,0.34375,0.153846153846154,0.0769230769230769,0.354676895839481,NA
"haemophilus_influenzae","fluoroquinolone","15,790",2001,2019,397,67,2,3,3925,0,0,0,0,18,16,17,0.80952380952381,0.5625,0.0298507462686567,0.0447761194029851,0.248575047498417,NA
"haemophilus_influenzae","fourth_gen_ceph","84",2006,2019,9,3,2,0,2,0,0,0,0,5,3,3,0.142857142857143,0.15625,0.666666666666667,0,0.0238095238095238,NA
"haemophilus_influenzae","macrolide","2,645",2012,2019,21,20,2,0,0,0,0,0,0,4,3,7,0.333333333333333,0.125,0.1,0,0,NA
"haemophilus_influenzae","monobactam","5",2016,2017,2,2,1,0,0,0,0,0,0,2,2,2,0.0952380952380952,0.0625,0.5,0,0,NA
"haemophilus_influenzae","penicillin","4",2016,2019,4,4,2,1,0,0,0,0,0,2,2,4,0.19047619047619,0.0625,0.5,0.25,0,NA
"haemophilus_influenzae","rifamycin","2",2016,2016,1,1,1,0,0,0,0,0,0,1,1,1,0.0476190476190476,0.03125,1,0,0,NA
"haemophilus_influenzae","second_gen_ceph","5,725",2007,2019,85,24,2,1,1163,0,0,0,0,13,4,11,0.523809523809524,0.40625,0.0833333333333333,0.0416666666666667,0.203144104803493,NA
"haemophilus_influenzae","sulfa","4,701",2007,2019,85,23,2,0,1200,0,0,0,0,13,5,9,0.428571428571429,0.40625,0.0869565217391304,0,0.255264837268666,NA
"haemophilus_influenzae","tetracycline","3,633",2007,2019,73,12,2,1,1204,0,0,0,0,13,3,5,0.238095238095238,0.40625,0.166666666666667,0.0833333333333333,0.33140655105973,NA
"klebsiella_pneumoniae","aminopenicillin","153,761",1998,2022,169,22,2,4,8847,108,1,828,2,25,5,7,0.333333333333333,0.78125,0.0909090909090909,0.181818181818182,0.0575373469215211,NA
"klebsiella_pneumoniae","anti_pseudomonal_penicillin","767,475",1998,2022,2219,129,2,9,30169,114,1,13209,3,25,22,19,0.904761904761905,0.78125,0.0155038759689922,0.0697674418604651,0.0393094237597316,NA
"klebsiella_pneumoniae","ceph_beta_lactamase","12",2017,2022,5,1,1,0,0,0,0,8,1,4,1,1,0.0476190476190476,0.125,1,0,0,NA
"klebsiella_pneumoniae","chloramphenicol","292",1998,2020,30,12,2,4,83,99,1,1,1,15,3,5,0.238095238095238,0.46875,0.166666666666667,0.333333333333333,0.284246575342466,NA
"klebsiella_pneumoniae","daptomycin","1",2021,2021,1,1,1,0,0,0,0,1,1,1,1,1,0.0476190476190476,0.03125,1,0,0,NA
"klebsiella_pneumoniae","first_gen_ceph","58,943",1998,2022,83,5,2,0,2432,10,1,43,2,25,5,4,0.19047619047619,0.78125,0.4,0,0.041260200532718,NA
"klebsiella_pneumoniae","fosfomycin","16,450",2008,2022,78,11,2,0,962,0,0,383,1,15,5,3,0.142857142857143,0.46875,0.181818181818182,0,0.0584802431610942,NA
"klebsiella_pneumoniae","fourth_gen_ceph","1,012,394",2002,2021,2124,139,2,14,20856,0,0,12801,3,20,23,20,0.952380952380952,0.625,0.0143884892086331,0.100719424460432,0.0206006752311847,NA
"klebsiella_pneumoniae","fusidic_acid","31",2019,2021,3,3,2,0,0,0,0,30,2,3,3,3,0.142857142857143,0.09375,0.666666666666667,0,0,NA
"klebsiella_pneumoniae","lincosamide","32",2020,2021,2,2,2,0,0,0,0,32,2,2,2,2,0.0952380952380952,0.0625,1,0,0,NA
"klebsiella_pneumoniae","linezolid","3",2010,2021,3,3,2,0,1,0,0,1,1,3,3,2,0.0952380952380952,0.09375,0.666666666666667,0,0.333333333333333,NA
"klebsiella_pneumoniae","macrolide","60",1998,2021,10,2,2,0,19,10,1,31,2,8,2,2,0.0952380952380952,0.25,1,0,0.316666666666667,NA
"klebsiella_pneumoniae","methicillin","185,589",2002,2021,1153,95,2,5,7296,0,0,12722,1,20,5,18,0.857142857142857,0.625,0.0210526315789474,0.0526315789473684,0.0393126747813717,NA
"klebsiella_pneumoniae","metronidazole","4",1998,2003,3,1,1,0,2,2,1,0,0,3,1,1,0.0476190476190476,0.09375,1,0,0.5,NA
"klebsiella_pneumoniae","monobactam","124,097",1999,2022,613,94,2,3,8767,1,1,13202,2,19,6,18,0.857142857142857,0.59375,0.0212765957446809,0.0319148936170213,0.0706463492268145,NA
"klebsiella_pneumoniae","nalidixic_acid","16,485",2007,2019,59,8,2,0,3757,0,0,0,0,11,2,1,0.0476190476190476,0.34375,0.25,0,0.22790415529269,NA
"klebsiella_pneumoniae","neomycin","23",2007,2015,10,3,2,0,9,0,0,0,0,8,1,1,0.0476190476190476,0.25,0.666666666666667,0,0.391304347826087,NA
"klebsiella_pneumoniae","nitrofurantoin","102,921",2004,2020,92,11,2,0,6927,0,0,1,1,17,5,3,0.142857142857143,0.53125,0.181818181818182,0,0.0673040487364095,NA
"klebsiella_pneumoniae","non_antibiotic","14,202",2007,2022,61,8,2,0,5191,0,0,53,1,12,2,2,0.0952380952380952,0.375,0.25,0,0.365511899732432,NA
"klebsiella_pneumoniae","penicillin","64",1998,2021,11,3,2,0,19,10,1,34,2,9,3,3,0.142857142857143,0.28125,0.666666666666667,0,0.296875,NA
"klebsiella_pneumoniae","polymixin","44,959",2006,2022,581,97,2,4,390,0,0,11348,3,17,7,18,0.857142857142857,0.53125,0.0206185567010309,0.0412371134020619,0.00867457016392713,NA
"klebsiella_pneumoniae","rifamycin","52",2008,2021,9,4,2,0,13,0,0,18,2,9,3,3,0.142857142857143,0.28125,0.5,0,0.25,NA
"klebsiella_pneumoniae","second_gen_ceph","136,232",1998,2020,133,20,2,3,11180,108,1,22,2,23,7,7,0.333333333333333,0.71875,0.1,0.15,0.0820658876034999,NA
"klebsiella_pneumoniae","streptogramins","1",2021,2021,1,1,1,0,0,0,0,1,1,1,1,1,0.0476190476190476,0.03125,1,0,0,NA
"klebsiella_pneumoniae","teicoplanin","1",2019,2019,1,1,1,0,0,0,0,0,0,1,1,1,0.0476190476190476,0.03125,1,0,0,NA
"klebsiella_pneumoniae","tetracycline","26,533",2007,2022,72,20,2,2,547,0,0,39,3,16,7,7,0.333333333333333,0.5,0.1,0.1,0.0206158368823729,NA
"klebsiella_pneumoniae","third_gen_ceph_beta_lactamase_inhibitor","4,539",2013,2022,29,13,2,1,0,0,0,8,2,9,4,4,0.19047619047619,0.28125,0.153846153846154,0.0769230769230769,0,NA
"klebsiella_pneumoniae","vancomycin","2",2019,2021,2,2,1,0,0,0,0,1,1,2,2,2,0.0952380952380952,0.0625,0.5,0,0,NA
"morganella_spp","carbapenem","941",2012,2017,108,36,2,1,0,0,0,0,0,6,2,15,0.714285714285714,0.1875,0.0555555555555556,0.0277777777777778,0,NA
"neisseria_gonorrheae","fluoroquinolone","304,561",2000,2018,431,54,2,2,169688,0,0,0,0,19,120,14,0.666666666666667,0.59375,0.037037037037037,0.037037037037037,0.557156037706732,NA
"neisseria_gonorrheae","third_gen_ceph","304,561",2000,2018,431,54,2,2,169688,0,0,0,0,19,120,14,0.666666666666667,0.59375,0.037037037037037,0.037037037037037,0.557156037706732,NA
"neisseria_meningitidis","aminopenicillin","2",2017,2017,1,1,1,0,0,0,0,0,0,1,1,1,0.0476190476190476,0.03125,1,0,0,NA
"neisseria_meningitidis","carbapenem","7",2017,2019,2,1,1,0,0,0,0,0,0,2,1,1,0.0476190476190476,0.0625,1,0,0,NA
"neisseria_meningitidis","fluoroquinolone","3",2017,2019,2,2,1,1,0,0,0,0,0,2,2,2,0.0952380952380952,0.0625,0.5,0.5,0,NA
"neisseria_meningitidis","penicillin","2",2016,2019,2,1,1,0,0,0,0,0,0,2,1,1,0.0476190476190476,0.0625,1,0,0,NA
"neisseria_meningitidis","second_gen_ceph","6",2017,2017,1,1,1,0,0,0,0,0,0,1,1,1,0.0476190476190476,0.03125,1,0,0,NA
"neisseria_meningitidis","sulfa","8",2017,2017,2,1,1,0,0,0,0,0,0,1,1,1,0.0476190476190476,0.03125,1,0,0,NA
"neisseria_meningitidis","third_gen_ceph","10",2016,2019,4,2,1,1,0,0,0,0,0,3,2,2,0.0952380952380952,0.09375,0.5,0.5,0,NA
"proteus_spp","anti_pseudomonal_penicillin","168,240",2007,2018,394,60,2,1,439,0,0,0,0,12,8,15,0.714285714285714,0.375,0.0333333333333333,0.0166666666666667,0.0026093675701379,NA
"proteus_spp","beta_lactamase_inhibitor","183,493",2011,2018,243,47,2,4,0,0,0,0,0,8,10,16,0.761904761904762,0.25,0.0425531914893617,0.0851063829787234,0,NA
"proteus_spp","carbapenem","192,856",2007,2018,410,64,2,3,443,0,0,0,0,12,11,18,0.857142857142857,0.375,0.03125,0.046875,0.00229705064918903,NA
"proteus_spp","fourth_gen_ceph","139,068",2007,2018,393,61,2,3,328,0,0,0,0,12,10,17,0.80952380952381,0.375,0.0327868852459016,0.0491803278688525,0.00235855840308338,NA
"pseudomonas_aeruginosa","aminopenicillin","9,021",1998,2022,119,15,2,0,4220,91,1,1,1,23,6,6,0.285714285714286,0.71875,0.133333333333333,0,0.467797361711562,NA
"pseudomonas_aeruginosa","beta_lactamase_inhibitor","6,178",1998,2019,80,13,2,0,4138,91,1,0,0,22,7,6,0.285714285714286,0.6875,0.153846153846154,0,0.66979605050178,NA
"pseudomonas_aeruginosa","ceph_beta_lactamase","32,104",2016,2022,430,83,2,2,0,0,0,10800,2,7,2,18,0.857142857142857,0.21875,0.0240963855421687,0.0240963855421687,0,NA
"pseudomonas_aeruginosa","chloramphenicol","185",1998,2022,16,3,2,0,90,88,1,1,1,11,3,2,0.0952380952380952,0.34375,0.666666666666667,0,0.486486486486487,NA
"pseudomonas_aeruginosa","daptomycin","2",2016,2022,2,1,1,0,0,0,0,1,1,2,1,1,0.0476190476190476,0.0625,1,0,0,NA
"pseudomonas_aeruginosa","first_gen_ceph","903",1998,2022,51,5,2,0,735,3,1,4,1,22,3,5,0.238095238095238,0.6875,0.4,0,0.813953488372093,NA
"pseudomonas_aeruginosa","fosfomycin","9",2012,2017,6,4,2,0,0,0,0,0,0,5,3,3,0.142857142857143,0.15625,0.5,0,0,NA
"pseudomonas_aeruginosa","fusidic_acid","13",2016,2022,6,2,1,0,0,0,0,1,1,5,2,2,0.0952380952380952,0.15625,0.5,0,0,NA
"pseudomonas_aeruginosa","lincosamide","2",2016,2022,2,1,1,0,0,0,0,1,1,2,1,1,0.0476190476190476,0.0625,1,0,0,NA
"pseudomonas_aeruginosa","linezolid","12",2009,2022,6,3,1,0,1,0,0,1,1,6,3,2,0.0952380952380952,0.1875,0.333333333333333,0,0.0833333333333333,NA
"pseudomonas_aeruginosa","macrolide","24",1998,2022,11,2,1,0,16,3,1,2,1,9,2,2,0.0952380952380952,0.28125,0.5,0,0.666666666666667,NA
"pseudomonas_aeruginosa","mdr","7,840",2019,2019,44,44,2,0,0,0,0,0,0,1,1,2,0.0952380952380952,0.03125,0.0454545454545455,0,0,NA
"pseudomonas_aeruginosa","methicillin","24",2013,2022,7,3,2,0,0,0,0,1,1,5,3,3,0.142857142857143,0.15625,0.666666666666667,0,0,NA
"pseudomonas_aeruginosa","metronidazole","5",1998,2002,4,1,1,0,4,1,1,0,0,4,1,1,0.0476190476190476,0.125,1,0,0.8,NA
"pseudomonas_aeruginosa","monobactam","101,141",2002,2022,623,93,2,2,11175,0,0,12085,2,20,8,18,0.857142857142857,0.625,0.021505376344086,0.021505376344086,0.110489316894237,NA
"pseudomonas_aeruginosa","nalidixic_acid","6,390",2008,2018,52,7,2,0,1840,0,0,0,0,11,2,1,0.0476190476190476,0.34375,0.285714285714286,0,0.287949921752739,NA
"pseudomonas_aeruginosa","neomycin","577",2009,2015,35,6,2,0,204,0,0,0,0,7,1,1,0.0476190476190476,0.21875,0.333333333333333,0,0.353552859618718,NA
"pseudomonas_aeruginosa","nitrofurantoin","7,036",2004,2022,25,7,2,0,3017,0,0,1,1,16,5,4,0.19047619047619,0.5,0.285714285714286,0,0.428794769755543,NA
"pseudomonas_aeruginosa","non_antibiotic","16",2008,2013,4,3,1,0,15,0,0,0,0,3,2,2,0.0952380952380952,0.09375,0.333333333333333,0,0.9375,NA
"pseudomonas_aeruginosa","penicillin","34",1998,2022,15,2,1,0,16,3,1,1,1,12,2,2,0.0952380952380952,0.375,0.5,0,0.470588235294118,NA
"pseudomonas_aeruginosa","polymixin","57,890",2001,2022,624,95,2,3,6402,0,0,10355,3,20,9,18,0.857142857142857,0.625,0.0210526315789474,0.0315789473684211,0.110589048194852,NA
"pseudomonas_aeruginosa","rifamycin","9",2008,2022,8,3,2,0,2,0,0,1,1,8,2,2,0.0952380952380952,0.25,0.666666666666667,0,0.222222222222222,NA
"pseudomonas_aeruginosa","second_gen_ceph","792",1998,2019,43,6,2,0,675,90,1,0,0,19,4,3,0.142857142857143,0.59375,0.333333333333333,0,0.852272727272727,NA
"pseudomonas_aeruginosa","streptogramins","2",2016,2022,2,1,1,0,0,0,0,1,1,2,1,1,0.0476190476190476,0.0625,1,0,0,NA
"pseudomonas_aeruginosa","sulfa","1,134",1998,2022,69,14,2,0,825,87,1,1,1,23,5,8,0.380952380952381,0.71875,0.142857142857143,0,0.727513227513228,NA
"pseudomonas_aeruginosa","teicoplanin","15",2016,2022,6,2,1,0,0,0,0,1,1,5,2,2,0.0952380952380952,0.15625,0.5,0,0,NA
"pseudomonas_aeruginosa","tetracycline","2,158",2007,2022,53,13,2,0,1968,0,0,1,1,14,4,5,0.238095238095238,0.4375,0.153846153846154,0,0.911955514365153,NA
"pseudomonas_aeruginosa","third_gen_ceph_beta_lactamase_inhibitor","36,743",2012,2022,506,87,2,2,0,0,0,10964,2,11,6,18,0.857142857142857,0.34375,0.0229885057471264,0.0229885057471264,0,NA
"pseudomonas_aeruginosa","vancomycin","14",2013,2022,7,2,1,0,0,0,0,1,1,6,2,2,0.0952380952380952,0.1875,0.5,0,0,NA
"salmonella_paratyphi","aminoglycoside","65",1999,2022,25,2,1,0,39,6,1,1,1,19,2,2,0.0952380952380952,0.59375,0.5,0,0.6,NA
"salmonella_paratyphi","aminopenicillin","4,646",1999,2022,75,8,2,0,2353,3,1,2,1,21,2,2,0.0952380952380952,0.65625,0.25,0,0.506457167455876,NA
"salmonella_paratyphi","anti_pseudomonal_penicillin","43",1999,2022,24,1,1,0,25,3,1,1,1,19,1,1,0.0476190476190476,0.59375,1,0,0.581395348837209,NA
"salmonella_paratyphi","beta_lactamase_inhibitor","60",1999,2022,27,3,2,0,43,3,1,1,1,20,2,2,0.0952380952380952,0.625,0.666666666666667,0,0.716666666666667,NA
"salmonella_paratyphi","carbapenem","214",1999,2022,26,4,1,0,30,3,1,3,1,18,2,2,0.0952380952380952,0.5625,0.25,0,0.14018691588785,NA
"salmonella_paratyphi","chloramphenicol","4,617",1999,2022,61,8,2,0,2357,3,1,1,1,16,2,2,0.0952380952380952,0.5,0.25,0,0.510504656703487,NA
"salmonella_paratyphi","first_gen_ceph","30",2000,2022,18,1,1,0,23,0,0,1,1,15,1,1,0.0476190476190476,0.46875,1,0,0.766666666666667,NA
"salmonella_paratyphi","macrolide","13",2000,2022,11,1,1,0,5,0,0,2,1,9,1,1,0.0476190476190476,0.28125,1,0,0.384615384615385,NA
"salmonella_paratyphi","mdr","31,689",1990,2018,321,11,1,0,22089,4744,31,0,0,29,153,3,0.142857142857143,0.90625,0.0909090909090909,0,0.697055760674051,NA
"salmonella_paratyphi","monobactam","4",2008,2018,4,2,1,0,1,0,0,0,0,4,2,2,0.0952380952380952,0.125,0.5,0,0.25,NA
"salmonella_paratyphi","nalidixic_acid","1",2008,2008,1,1,1,0,1,0,0,0,0,1,1,1,0.0476190476190476,0.03125,1,0,1,NA
"salmonella_paratyphi","nitrofurantoin","1",2008,2008,1,1,1,0,1,0,0,0,0,1,1,1,0.0476190476190476,0.03125,1,0,1,NA
"salmonella_paratyphi","non_antibiotic","41",2007,2014,11,4,2,0,22,0,0,0,0,8,1,1,0.0476190476190476,0.25,0.5,0,0.536585365853659,NA
"salmonella_paratyphi","penicillin","4",2000,2002,3,1,1,0,4,0,0,0,0,3,1,1,0.0476190476190476,0.09375,1,0,1,NA
"salmonella_paratyphi","second_gen_ceph","27",1999,2008,14,2,1,0,24,3,1,0,0,9,2,2,0.0952380952380952,0.28125,0.5,0,0.888888888888889,NA
"salmonella_paratyphi","sulfa","4,649",1999,2022,73,8,2,0,2357,3,1,2,1,20,2,2,0.0952380952380952,0.625,0.25,0,0.506990750699075,NA
"salmonella_paratyphi","third_gen_ceph","9,350",1999,2022,77,8,2,0,4764,6,1,3,1,21,2,2,0.0952380952380952,0.65625,0.25,0,0.50951871657754,NA
"salmonella_typhi","aminoglycoside","267",1998,2022,39,7,2,0,49,2,1,6,1,22,4,4,0.19047619047619,0.6875,0.285714285714286,0,0.183520599250936,NA
"salmonella_typhi","aminopenicillin","16,995",1998,2022,96,16,2,0,4253,1,1,3,1,22,3,7,0.333333333333333,0.6875,0.125,0,0.250250073551044,NA
"salmonella_typhi","anti_pseudomonal_penicillin","226",1998,2022,46,11,2,0,41,1,1,2,1,22,4,5,0.238095238095238,0.6875,0.181818181818182,0,0.18141592920354,NA
"salmonella_typhi","beta_lactamase_inhibitor","703",1998,2020,48,12,2,0,522,1,1,1,1,20,3,6,0.285714285714286,0.625,0.166666666666667,0,0.7425320056899,NA
"salmonella_typhi","carbapenem","8,096",1998,2022,60,16,2,0,56,1,1,5,1,22,4,6,0.285714285714286,0.6875,0.125,0,0.00691699604743083,NA
"salmonella_typhi","chloramphenicol","16,734",1998,2022,72,11,2,0,4219,1,1,1,1,18,3,3,0.142857142857143,0.5625,0.181818181818182,0,0.252121429425123,NA
"salmonella_typhi","fifth_gen_ceph","1",2016,2016,1,1,1,0,0,0,0,0,0,1,1,1,0.0476190476190476,0.03125,1,0,0,NA
"salmonella_typhi","first_gen_ceph","153",2002,2020,22,3,2,0,25,0,0,1,1,14,2,3,0.142857142857143,0.4375,0.666666666666667,0,0.163398692810458,NA
"salmonella_typhi","fosfomycin","7",2011,2016,4,3,2,0,0,0,0,0,0,3,2,3,0.142857142857143,0.09375,0.666666666666667,0,0,NA
"salmonella_typhi","fourth_gen_ceph","39",2016,2018,8,7,2,0,0,0,0,0,0,3,2,5,0.238095238095238,0.09375,0.285714285714286,0,0,NA
"salmonella_typhi","macrolide","7,621",2004,2022,22,11,2,0,1,0,0,3,1,9,3,3,0.142857142857143,0.28125,0.181818181818182,0,0.0001312163758037,NA
"salmonella_typhi","mdr","125,516",1990,2018,940,48,2,18,48329,54535,173,0,0,29,485,9,0.428571428571429,0.90625,0.0416666666666667,0.375,0.385042544376813,NA
"salmonella_typhi","monobactam","36",2004,2022,16,5,2,0,11,0,0,2,1,12,3,4,0.19047619047619,0.375,0.4,0,0.305555555555556,NA
"salmonella_typhi","nitrofurantoin","1",2007,2007,1,1,1,0,1,0,0,0,0,1,1,1,0.0476190476190476,0.03125,1,0,1,NA
"salmonella_typhi","non_antibiotic","1,298",2007,2016,32,8,2,0,762,0,0,0,0,10,2,1,0.0476190476190476,0.3125,0.25,0,0.587057010785824,NA
"salmonella_typhi","penicillin","1",2018,2018,1,1,1,0,0,0,0,0,0,1,1,1,0.0476190476190476,0.03125,1,0,0,NA
"salmonella_typhi","polymixin","25",2013,2016,5,4,2,0,0,0,0,0,0,4,2,2,0.0952380952380952,0.125,0.5,0,0,NA
"salmonella_typhi","second_gen_ceph","58",1998,2018,18,7,2,0,29,1,1,0,0,14,4,4,0.19047619047619,0.4375,0.285714285714286,0,0.5,NA
"salmonella_typhi","sulfa","16,998",1998,2022,99,18,2,0,4255,1,1,3,1,22,4,8,0.380952380952381,0.6875,0.111111111111111,0,0.250323567478527,NA
"salmonella_typhi","tetracycline","27",2014,2018,6,6,2,0,0,0,0,0,0,4,3,4,0.19047619047619,0.125,0.333333333333333,0,0,NA
"salmonella_typhi","third_gen_ceph","34,040",1998,2022,101,18,2,0,8575,2,1,5,1,22,4,8,0.380952380952381,0.6875,0.111111111111111,0,0.251909518213866,NA
"salmonella_typhi","third_gen_ceph_beta_lactamase_inhibitor","5",2016,2018,2,2,1,0,0,0,0,0,0,2,2,2,0.0952380952380952,0.0625,0.5,0,0,NA
"staphylococcus_aureus","aminoglycoside","181,100",1998,2022,208,38,2,5,24668,1899,1,1392,2,25,7,15,0.714285714285714,0.78125,0.0526315789473684,0.131578947368421,0.136212037548316,NA
"staphylococcus_aureus","aminopenicillin","1,326",1998,2021,55,11,2,0,174,50,1,4,1,20,6,7,0.333333333333333,0.625,0.181818181818182,0,0.131221719457014,NA
"staphylococcus_aureus","anti_pseudomonal_penicillin","84",1998,2021,10,4,1,0,3,4,1,2,1,8,4,4,0.19047619047619,0.25,0.25,0,0.0357142857142857,NA
"staphylococcus_aureus","anti_tb","1,710",2019,2019,8,8,2,0,0,0,0,0,0,1,1,1,0.0476190476190476,0.03125,0.25,0,0,NA
"staphylococcus_aureus","beta_lactamase_inhibitor","247",1998,2019,24,11,2,0,76,8,1,0,0,14,5,7,0.333333333333333,0.4375,0.181818181818182,0,0.307692307692308,NA
"staphylococcus_aureus","carbapenem","303,314",1998,2021,125,49,2,0,2,1,1,7,1,14,7,15,0.714285714285714,0.4375,0.0408163265306122,0,6.59382685929433e-06,NA
"staphylococcus_aureus","chloramphenicol","24,329",1998,2022,101,17,2,3,11371,1,1,1358,1,17,6,8,0.380952380952381,0.53125,0.117647058823529,0.176470588235294,0.467384602737474,NA
"staphylococcus_aureus","daptomycin","34,783",2007,2022,59,15,2,0,4,0,0,1352,2,15,4,8,0.380952380952381,0.46875,0.133333333333333,0,0.000114998706264555,NA
"staphylococcus_aureus","fifth_gen_ceph","4",2016,2020,3,3,1,0,0,0,0,1,1,2,2,2,0.0952380952380952,0.0625,0.333333333333333,0,0,NA
"staphylococcus_aureus","first_gen_ceph","4,473",1998,2021,42,10,2,0,1097,49,1,2,1,20,4,7,0.333333333333333,0.625,0.2,0,0.245249273418288,NA
"staphylococcus_aureus","fosfomycin","3,213",2010,2022,37,8,2,0,1,0,0,1352,1,11,5,6,0.285714285714286,0.34375,0.25,0,0.000311235605353252,NA
"staphylococcus_aureus","fourth_gen_ceph","150",2014,2021,11,3,2,0,0,0,0,5,1,8,3,3,0.142857142857143,0.25,0.666666666666667,0,0,NA
"staphylococcus_aureus","fusidic_acid","44,493",1998,2022,155,19,2,0,15349,648,1,1368,2,25,5,7,0.333333333333333,0.78125,0.105263157894737,0,0.34497561414155,NA
"staphylococcus_aureus","lincosamide","156,707",2006,2022,157,36,2,4,12611,0,0,1364,2,17,6,14,0.666666666666667,0.53125,0.0555555555555556,0.111111111111111,0.0804750266420773,NA
"staphylococcus_aureus","linezolid","135,697",2003,2022,149,33,2,3,1564,0,0,1369,2,20,7,13,0.619047619047619,0.625,0.0606060606060606,0.0909090909090909,0.0115256785337922,NA
"staphylococcus_aureus","metronidazole","23",1998,2003,9,1,1,0,10,13,1,0,0,6,1,1,0.0476190476190476,0.1875,1,0,0.434782608695652,NA
"staphylococcus_aureus","monobactam","14",2007,2021,6,2,1,0,1,0,0,2,1,6,2,2,0.0952380952380952,0.1875,0.5,0,0.0714285714285714,NA
"staphylococcus_aureus","mupirocin","4,972",1998,2022,78,6,1,0,704,93,1,1368,1,25,2,2,0.0952380952380952,0.78125,0.166666666666667,0,0.141592920353982,NA
"staphylococcus_aureus","nalidixic_acid","17",2016,2019,4,1,1,0,0,0,0,0,0,4,1,1,0.0476190476190476,0.125,1,0,0,NA
"staphylococcus_aureus","neomycin","2",2014,2016,2,2,1,0,0,0,0,0,0,2,2,2,0.0952380952380952,0.0625,0.5,0,0,NA
"staphylococcus_aureus","nitrofurantoin","114,549",2004,2019,86,13,2,0,1766,0,0,0,0,16,6,5,0.238095238095238,0.5,0.153846153846154,0,0.0154169831251255,NA
"staphylococcus_aureus","non_antibiotic","2",2000,2002,2,1,1,0,2,0,0,0,0,2,1,1,0.0476190476190476,0.0625,1,0,1,NA
"staphylococcus_aureus","penicillin","117,017",1998,2022,201,33,2,4,16645,662,1,1078,3,25,8,15,0.714285714285714,0.78125,0.0606060606060606,0.121212121212121,0.1422442892913,NA
"staphylococcus_aureus","polymixin","29",2014,2021,6,3,1,0,0,0,0,2,1,6,3,2,0.0952380952380952,0.1875,0.333333333333333,0,0,NA
"staphylococcus_aureus","rifamycin","18,984",1998,2022,148,31,2,1,5403,632,1,1374,3,25,6,14,0.666666666666667,0.78125,0.0645161290322581,0.032258064516129,0.28460809102402,NA
"staphylococcus_aureus","second_gen_ceph","470",1998,2021,32,8,2,0,146,49,1,59,2,15,4,6,0.285714285714286,0.46875,0.25,0,0.31063829787234,NA
"staphylococcus_aureus","streptogramins","3,066",2005,2022,38,1,1,0,83,0,0,1351,1,18,1,1,0.0476190476190476,0.5625,1,0,0.0270711024135682,NA
"staphylococcus_aureus","synercid","4,715",2007,2018,15,4,2,0,1291,0,0,0,0,12,2,4,0.19047619047619,0.375,0.5,0,0.273806998939555,NA
"staphylococcus_aureus","teicoplanin","102,104",1998,2022,143,28,2,1,5638,3,1,1355,2,24,7,11,0.523809523809524,0.75,0.0714285714285714,0.0357142857142857,0.0552182088850584,NA
"staphylococcus_aureus","tetracycline","188,124",1998,2022,202,36,2,4,17818,653,1,1430,3,25,8,16,0.761904761904762,0.78125,0.0555555555555556,0.111111111111111,0.0947141247262444,NA
"staphylococcus_aureus","third_gen_ceph","148",1998,2021,20,8,2,0,7,10,1,8,1,11,4,6,0.285714285714286,0.34375,0.25,0,0.0472972972972973,NA
"staphylococcus_aureus","third_gen_ceph_beta_lactamase_inhibitor","72",2016,2019,4,1,1,0,0,0,0,0,0,4,1,1,0.0476190476190476,0.125,1,0,0,NA
"streptococcus_pneumoniae","aminoglycoside","1,798",1998,2022,73,3,2,0,870,292,1,85,1,25,2,2,0.0952380952380952,0.78125,0.666666666666667,0,0.483870967741935,NA
"streptococcus_pneumoniae","aminopenicillin","3,673",1998,2022,98,25,2,1,874,145,1,55,1,25,6,11,0.523809523809524,0.78125,0.08,0.04,0.237952627280152,NA
"streptococcus_pneumoniae","anti_pseudomonal_penicillin","4",2000,2003,4,1,1,0,4,0,0,0,0,4,1,1,0.0476190476190476,0.125,1,0,1,NA
"streptococcus_pneumoniae","chloramphenicol","4,199",1998,2022,108,17,2,2,1601,4,1,87,2,23,5,7,0.333333333333333,0.71875,0.117647058823529,0.117647058823529,0.381281257442248,NA
"streptococcus_pneumoniae","first_gen_ceph","79",1998,2016,14,3,1,0,52,21,1,0,0,8,2,1,0.0476190476190476,0.25,0.333333333333333,0,0.658227848101266,NA
"streptococcus_pneumoniae","fourth_gen_ceph","1,229",2004,2019,27,7,2,0,131,0,0,0,0,13,4,6,0.285714285714286,0.40625,0.285714285714286,0,0.106590724165989,NA
"streptococcus_pneumoniae","fusidic_acid","443",1998,2009,20,1,1,0,322,121,1,0,0,8,1,1,0.0476190476190476,0.25,1,0,0.72686230248307,NA
"streptococcus_pneumoniae","lincosamide","4,533",2001,2021,41,20,2,1,7,0,0,2,1,10,6,9,0.428571428571429,0.3125,0.1,0.05,0.00154423119347011,NA
"streptococcus_pneumoniae","linezolid","5,041",2008,2022,52,10,2,1,25,0,0,96,1,13,6,7,0.333333333333333,0.40625,0.2,0.1,0.00495933346558223,NA
"streptococcus_pneumoniae","methicillin","1,654",1998,2019,80,8,2,1,1032,131,1,0,0,22,5,6,0.285714285714286,0.6875,0.25,0.125,0.623941958887545,NA
"streptococcus_pneumoniae","metronidazole","16",1998,2003,7,1,1,0,5,11,1,0,0,5,1,1,0.0476190476190476,0.15625,1,0,0.3125,NA
"streptococcus_pneumoniae","mupirocin","19",1999,2003,5,1,1,0,18,1,1,0,0,4,1,1,0.0476190476190476,0.125,1,0,0.947368421052632,NA
"streptococcus_pneumoniae","non_antibiotic","1,565",1998,2019,63,8,2,0,867,144,1,0,0,21,2,2,0.0952380952380952,0.65625,0.25,0,0.553993610223642,NA
"streptococcus_pneumoniae","polymixin","1",2012,2012,1,1,1,0,0,0,0,0,0,1,1,1,0.0476190476190476,0.03125,1,0,0,NA
"streptococcus_pneumoniae","rifamycin","1,192",1998,2022,77,13,1,1,840,117,1,10,1,25,5,7,0.333333333333333,0.78125,0.0769230769230769,0.0769230769230769,0.704697986577181,NA
"streptococcus_pneumoniae","second_gen_ceph","2,819",1998,2019,54,26,2,1,57,22,1,0,0,13,5,10,0.476190476190476,0.40625,0.0769230769230769,0.0384615384615385,0.0202199361475701,NA
"streptococcus_pneumoniae","synercid","19",2008,2016,4,2,2,0,17,0,0,0,0,4,2,2,0.0952380952380952,0.125,1,0,0.894736842105263,NA
"streptococcus_pneumoniae","teicoplanin","613",2013,2022,31,4,1,0,0,0,0,85,1,10,2,2,0.0952380952380952,0.3125,0.25,0,0,NA
"streptococcus_pneumoniae","tetracycline","9,695",1998,2022,160,23,2,2,2422,127,1,97,2,25,6,10,0.476190476190476,0.78125,0.0869565217391304,0.0869565217391304,0.249819494584838,NA
"streptococcus_pneumoniae","vancomycin","9,768",1998,2022,172,24,2,1,2566,125,1,95,1,25,5,12,0.571428571428571,0.78125,0.0833333333333333,0.0416666666666667,0.262694512694513,NA
